{
	"id": "ecdaa6c0-74ff-452b-87e2-3c62fb0e6442",
	"name": "MTN MoMoPay Rwanda",
	"values": [
		{
			"key": "Ocp-Apim-Subscription-Key-Collection",
			"value": "ADD_MOMOAPI_SUB_KEY_COLLECTION",
			"enabled": true
		},
		{
			"key": "Ocp-Apim-Subscription-Key-Disbursements",
			"value": "ADD_MOMOAPI_SUB_KEY_DISBURSEMENTS",
			"enabled": true
		},
		{
			"key": "Ocp-Apim-Subscription-Key-Remittances",
			"value": "ADD_MOMOAPI_SUB_KEY_REMITTANCES",
			"enabled": true
		},
		{
			"key": "X-Target-Environment",
			"value": "mtnrwanda",
			"enabled": true
		},
		{
			"key": "currency",
			"value": "RWF",
			"enabled": true
		},
		{
			"key": "momopayhost",
			"value": "proxy.momoapi.mtn.co.rw",
			"enabled": true
		},
		{
			"key": "accountHolderId",
			"value": "PLACE_MTN_RWANDA_NUMBER_STARTS_WITH_250",
			"enabled": true
		},
		{
			"key": "accountHolderIdType",
			"value": "msisdn",
			"enabled": true
		},
		{
			"key": "Live-Api-User-Collection",
			"value": "ADD_LIVE_API_USER",
			"enabled": true
		},
		{
			"key": "Live-Api-Key-Collection",
			"value": "ADD_LIVE_API_KEY",
			"enabled": true
		},
		{
			"key": "Live-Api-User-Disbursements",
			"value": "ADD_LIVE_API_USER",
			"enabled": true
		},
		{
			"key": "Live-Api-Key-Disbursements",
			"value": "ADD_LIVE_API_KEY",
			"enabled": true
		},
		{
			"key": "Live-Api-User-Remittances",
			"value": "ADD_LIVE_API_USER",
			"enabled": true
		},
		{
			"key": "Live-Api-Key-Remittances",
			"value": "ADD_LIVE_API_KEY",
			"enabled": true
		}
	],
	"_postman_variable_scope": "environment",
	"_postman_exported_at": "2020-09-25T15:07:03.914Z",
	"_postman_exported_using": "Postman/7.33.1"
}
